Lead Number,Converted_prob
660727,0.9291470613101318
660728,0.0015156835984807713
